{"cameraMode":{"drawMode":0,"name":"Shaded","section":"Shading Mode"},"sceneLighting":true,"audioPlay":false,"sceneViewState":{"showFog":true,"showMaterialUpdate":false,"showSkybox":true,"showFlares":true,"showImageEffects":true,"showParticleSystems":true},"in2DMode":false,"pivot":{"x":0.3251200318336487,"y":0.9936220645904541,"z":-0.541938304901123},"rotation":{"x":0.004424195736646652,"y":0.9924195408821106,"z":-0.11695730686187744,"w":0.0375320240855217},"size":1.5073950290679932,"orthographic":false}